date,Report ID,Equipment,Component,Issue Observed,Detection Method,Risk Impact,Corrective Action
1/12/24,CR-001,F1,Traveling Screen,Excessive debris accumulation,Visual inspection,Medium,Manual cleaning and upstream netting
1/4/23,CR-002,F1,Debris Filter,Pressure drop beyond threshold,Differential pressure log,High,Filter replacement
12/27/22,CR-003,F1,Intake Grate,Biofouling buildup,Underwater ROV scan,Medium,Chlorination and mechanical brushing
11/15/21,CR-004,F2,Filter Pump,Vibration anomaly,Vibration sensor,High,Shaft alignment and bearing check
4/10/24,CR-005,F2,Backwash System,Incomplete cycle,Flow meter + SCADA,Medium,Valve recalibration
5/29/21,CR-006,F1,Filter Housing,Corrosion pitting,UT thickness test,High,Sectional replacement
11/21/20,CR-007,F2,Screen Motor,Overheating during operation,Thermal imaging,Medium,Motor cooling fan replacement
2/10/20,CR-008,F2,Filter Media,Tearing observed,Manual inspection,High,Media replacement
4/20/24,CR-009,F1,Drain Valve,Stuck in closed position,Manual override test,Low,Valve actuator repair
6/16/23,CR-010,F2,Flow Sensor,Erratic readings,Calibration check,Medium,Sensor replacement
3/2/20,CR-011,F1,Filter Skid,Structural fatigue cracks,Dye penetrant test,High,Weld repair and reinforcement
5/28/24,CR-012,F2,Control Panel,Intermittent power loss,Electrical audit,Medium,Rewiring and surge protection
11/11/24,CR-013,F2,Filter Bypass Valve,Leaking seal,Visual + pressure test,Low,Gasket replacement
2/14/22,CR-014,F1,Filter Cartridge,Premature clogging,Performance trend review,Medium,Review upstream pretreatment
5/22/23,CR-015,F2,Filter Frame,Rust flaking,Visual inspection,Low,Surface treatment and repainting
8/19/20,CR-016,F1,Backwash Pump,Low discharge pressure,Pump curve analysis,High,Impeller cleaning
3/29/23,CR-017,F1,Filter Inlet Pipe,Sediment buildup,Borescope inspection,Medium,Hydrojet cleaning
4/4/23,CR-018,F2,Filter Outlet Valve,Slow actuation,Valve timing test,Low,Lubrication and actuator check
12/11/22,CR-019,F2,Filter Skid Mounts,Loose anchor bolts,Torque check,Low,Retightening and locknut installation
4/9/23,CR-020,F1,Filter Monitoring UI,Data lag in dashboard,Software log review,Medium,Firmware update and network check